zone,zone_name,country,region,tier,hydro_MW,solar_MW,wind_MW,nuclear_MW,gas_MW,coal_MW,co2_coal,co2_gas,co2_wind,co2_solar,co2_nuclear,renewable_2024_pct,fossil_2024_pct
AE,United Arab Emirates,AE,Asia,TIER_C,,6010.0,100.0,5570.0,41660.0,0.0,,,,,,7.1,68.0
AF,Afghanistan,AF,Asia,TIER_C,470.0,50.0,0.0,,40.0,,,,,,,,
AG,Antigua and Barbuda,AG,Americas,TIER_C,,20.0,,,,,,,,,,,
AL,Albania,AL,Europe,TIER_C,2315.0,195.0,0.0,0.0,0.0,0.0,,,,,5.13,,
AM,Armenia,AM,Asia,TIER_C,1350.0,490.0,0.0,450.0,1830.0,,,,,,,,
AR,Argentina,AR,Americas,TIER_A,9200.0,1740.0,4320.0,1750.0,22150.0,500.0,,,,,,38.9,0.1
AT,Austria,AT,Europe,TIER_A,8484.0,9766.0,4140.0,0.0,4276.0,0.0,1187.127343,453.86,12.62,31.0,5.13,77.6,13.4
AU-NSW,New South Wales,AU,Oceania,TIER_A,2665.5,9529.31,2837.13,,2527.58,8270.0,,,,,,34.2,65.4
AU-QLD,Queensland,AU,Oceania,TIER_A,726.0,8416.86,2648.2,,3201.98,8119.0,,,,,,27.5,72.1
AU-SA,South Australia,AU,Oceania,TIER_A,2.0,2900.52,2763.2,,2748.0,,,,,,,69.9,29.5
AU-TAS,Tasmania,AU,Oceania,TIER_A,2330.6,303.37,566.0,,371.6,,,,,,,84.5,15.4
AU-VIC,Victoria,AU,Oceania,TIER_A,2322.8,5611.58,5487.17,,2471.46,4690.0,,,,,,39.4,60.3
AU-WA,Western Australia,AU,Oceania,TIER_A,1.5,2765.64,1105.87,,3462.6,1371.1,,,,,,40.5,58.9
AW,Aruba,AW,Americas,TIER_A,,10.0,30.0,,,,,,,,,11.5,88.4
BA,Bosnia and Herzegovina,BA,Europe,TIER_A,1708.0,335.0,320.0,,,1883.0,,,,28.8,5.13,38.9,57.8
BB,Barbados,BB,Americas,TIER_C,,70.0,0.0,,,,,,,,,1.4,98.3
BD,Bangladesh,BD,Asia,TIER_A,230.0,850.0,66.0,,13050.0,6040.0,,,,,,2.6,95.2
BE,Belgium,BE,Europe,TIER_A,126.584,11683.0,5851.0419999999995,2056.0,8402.238,,1064.93,505.79,12.62,36.0,5.13,32.0,16.6
BF,Burkina Faso,BF,Africa,TIER_C,30.0,180.0,,,,,,,,,,,
BG,Bulgaria,BG,Europe,TIER_A,2354.0,6199.0,715.0,2000.0,730.0,4455.0,1196.88,510.45,12.62,27.73333333,5.13,26.5,35.4
BH,Bahrain,BH,Asia,TIER_C,,60.0,0.0,,8600.0,,,,,,,0.0,0.0
BI,Burundi,BI,Africa,TIER_C,60.0,10.0,,,,,,,,,,,
BJ,Benin,BJ,Africa,TIER_C,0.0,40.0,,,130.0,,,,,,,,
BN,Brunei,BN,Asia,TIER_C,,10.0,,,990.0,220.0,,,,,,,
BO,Bolivia,BO,Americas,TIER_A,720.0,180.0,140.0,,2650.0,,,,,,,31.6,0.0
BR-CS,Central Brazil,BR,Americas,TIER_A,54189.0,17163.0,,1990.0,,,,,,,,84.7,0.0
BR-N,North Brazil,BR,Americas,TIER_A,22090.0,1815.0,426.0,,,,,,,,,83.6,0.0
BR-NE,North-East Brazil,BR,Americas,TIER_A,10831.0,9851.0,24209.0,,,,,,,,,96.3,0.0
BR-S,South Brazil,BR,Americas,TIER_A,15493.0,6319.0,2000.0,,,,,,,,,91.8,0.0
BS,Bahamas,BS,Americas,TIER_C,,20.0,0.0,,130.0,,,,,,,,
BT,Bhutan,BT,Asia,TIER_C,2330.0,0.0,0.0,,,,,,,,,,
BW,Botswana,BW,Africa,TIER_C,,10.0,,,,730.0,,,,,,0.2,99.8
BZ,Belize,BZ,Americas,TIER_C,60.0,10.0,0.0,,,,,,,,,,
CA,Canada,CA,Americas,,83280.0,6110.0,18380.0,11580.0,25640.0,3380.0,,,,,,,
CA-ON,Ontario,CA,Americas,TIER_A,8868.0,478.0,4883.0,13089.0,10482.0,,,497,10.69,,4.8,33.1,16.4
CA-SK,Saskatchewan,CA,Americas,TIER_C,865,93,617,,2065,1389,,,,,,17.5,76.3
CD,Democratic Republic of the Congo,CD,Africa,TIER_C,210.0,0.0,,,530.0,,,,,,,,
CF,Central African Republic,CF,Africa,TIER_C,20.0,0.0,,,,,,,,,,,
CG,Congo,CG,Africa,TIER_C,210.0,0.0,,,530.0,,,,,,,,
CH,Switzerland,CH,Europe,TIER_C,16220.0,7790.0,100.0,2960.0,230.0,,820.0,490.0,,29.5,,48.3,2.5
CI,Ivory Coast,CI,Africa,TIER_C,880.0,40.0,,,1080.0,,,,,,,,
CL-SEN,Sistema Eléctrico Nacional,CL,Americas,TIER_A,7396.0,8018.0,4328.0,,,,,,,,,66.4,0.0
CM,Cameroon,CM,Africa,TIER_C,810.0,60.0,,,220.0,,,,,,,,
CN,China,CN,Asia,TIER_C,385000.0,887930.0,521750.0,60810.0,152990.0,1174540.0,,,,,,,
CO,Colombia,CO,Americas,TIER_A,13220.0,1390.0,30.0,,4310.0,1650.0,,,,,,78.3,20.8
CR,Costa Rica,CR,Americas,TIER_A,2350.0,70.0,400.0,,,,,,,,,76.5,10.9
CU,Cuba,CU,Americas,TIER_C,70.0,280.0,20.0,,580.0,,,,,,,,
CV,Cabo Verde,CV,Africa,TIER_C,,20.0,30.0,,,,,,,,,,
CW,Curaçao,CW,Americas,TIER_C,,13.36,46.5,,,,,,,,,,
CY,Cyprus,CY,Asia,TIER_A,,720.0,160.0,,,,1064.93,510.45,12.62,25.6,5.13,21.9,76.6
CZ,Czechia,CZ,Europe,TIER_A,1113.0,5331.0,384.0,4040.0,1820.0,7640.0,1049.81,490.68,12.62,34.33333333,5.13,16.6,43.7
DE,Germany,DE,Europe,TIER_A,6186.0,100910.0,72979.0,0.0,36664.0,31193.0,1130.47,494.16,12.62,35.11666667,5.13,52.4,32.9
DJ,Djibouti,DJ,Africa,TIER_C,,0.0,80.0,,,,,,,,,,
DK-DK1,West Denmark,DK,Europe,TIER_A,4.2,2738.0,4234.780000000001,,1173.34,1162.0,861.08,510.45,12.62,37.66666667,5.13,74.9,13.4
DK-DK2,East Denmark,DK,Europe,TIER_A,0.0,992.0,1793.0,,459.18,434.5,861.08,510.45,12.62,36.0,5.13,60.6,11.7
DM,Dominica,DM,Americas,TIER_C,10.0,0.0,0.0,,,,,,,,,,
DO,Dominican Republic,DO,Americas,TIER_A,630.0,1420.0,430.0,,2240.0,1060.0,,,,,,17.0,72.5
DZ,Algeria,DZ,Africa,TIER_C,130.0,460.0,10.0,,23470.0,,,,,,,0.7,99.3
EC,Ecuador,EC,Americas,TIER_C,5220.0,30.0,70.0,,920.0,,,,,,,,
EE,Estonia,EE,Europe,TIER_A,8.0,1231.0,694.0,0.0,91.9,1215.0,1064.93,510.45,12.62,36.5,5.13,45.4,26.6
EG,Egypt,EG,Africa,TIER_C,2830.0,2590.0,2200.0,,52270.0,,,,,,,12.1,87.9
ER,Eritrea,ER,Africa,TIER_C,,20.0,0.0,,,,,,,,,,
ES,Spain,ES,Europe,TIER_A,17075.0,53689.0,32762.0,7117.0,30340.0,1258.0,1534.31,531.76,12.62,26.46666667,5.13,56.6,18.3
ES-CE,Ceuta,ES,Europe,TIER_A,,,,,13.0,,,,,,,0.0,100.0
ES-IB-ME,Menorca,ES,Europe,TIER_A,0,50.8,0,0,0,0,1235.586989,546.61,12.62,25.6,5.13,19.7,78.1
ES-ML,Melilla,ES,Europe,TIER_A,,4.0,,,12.0,,,,,,,0.0,92.6
ET,Ethiopia,ET,Africa,TIER_C,4880.0,20.0,320.0,,,,,,,,,100.0,0.0
FI,Finland,FI,Europe,TIER_A,3173.0,1741,9426,4364.0,1742.0,2454.0,953.19,491.46,12.62,,5.13,47.7,5.0
FJ,Fiji,FJ,Oceania,TIER_C,140.0,10.0,10.0,,,,,,,,,,
FK,Falkland Islands,FK,Americas,TIER_C,,0.0,0.0,,,,,,,,,,
FM,Micronesia,FM,Oceania,TIER_C,0.73,2.9,0.83,,,,,,,,,,
FR,France,FR,Europe,TIER_A,20539.46,28253.87,25199.97,62990.0,12801.19,1810.71,888.47,483.32,12.62,30.075,5.13,27.2,4.0
GB,Great Britain,GB,Europe,TIER_A,1687,15896,32844,5883,40470,0,,,12.62,39.72,5.13,48.3,25.9
GE,Georgia,GE,Asia,TIER_A,3410.0,130.0,20.0,,2040.0,,,,,,,69.4,23.5
GF,French Guiana,GF,Americas,TIER_A,108.0,57.0,,,,,,,,,,36.8,56.7
GH,Ghana,GH,Africa,TIER_C,1580.0,190.0,0.0,,3060.0,,,,,,,36.1,63.9
GL,Greenland,GL,Americas,TIER_C,90.0,0.0,0.0,,,,,,,,,,
GM,Gambia,GM,Africa,TIER_C,,0.0,0.0,,,,,,,,,,
GN,Guinea,GN,Africa,TIER_C,810.0,20.0,,,,,,,,,,,
GQ,Equatorial Guinea,GQ,Africa,TIER_C,130.0,0.0,,,160.0,,,,,,,,
GR,Greece,GR,Europe,TIER_A,2715.0,9800.0,5460.0,,6680.0,1500.0,885.18,507.12,12.62,26.1,5.13,48.4,49.4
GS,South Georgia and the South Sandwich Islands,GS,Americas,TIER_C,0.19,,0.01,,,,,,,,,,
GT,Guatemala,GT,Americas,TIER_A,1580.0,100.0,110.0,,,440.0,,,,,,41.0,36.8
GU,Guam,GU,Oceania,TIER_C,,100.0,0.0,,,,,,,,,,
GW,Guinea-Bissau,GW,Africa,TIER_C,,0.0,,,,,,,,,,,
GY,Guyana,GY,Americas,TIER_C,0.0,20.0,0.0,,,,,,,,,,
HN,Honduras,HN,Americas,TIER_A,910.0,530.0,240.0,,0.0,100.0,,,,,,47.5,49.6
HR,Croatia,HR,Europe,TIER_A,1874.0,620.0,1309.0,,948.0,217.0,1064.93,510.45,12.62,29.03333333,5.13,55.6,27.2
HT,Haiti,HT,Americas,TIER_C,80.0,0.0,0.0,,,,,,,,,,
HU,Hungary,HU,Europe,TIER_A,62.357,8601.102,325.075,1915.6,3014.907,638.166,1280.63,503.65,12.62,30.66666667,5.13,26.3,26.3
IE,Ireland,IE,Europe,TIER_B,240.0,1340.0,4940.0,,4820.0,920.0,1037.41,523.88,12.62,42.13333333,5.13,41.9,54.5
IL,Israel,IL,Asia,TIER_C,10.0,5520.0,340.0,,12910.0,4320.0,,,,,,7.3,92.4
IN-EA,Eastern India,IN,Asia,TIER_A,6331.75,1562.73,0.0,0.0,80.0,36997.0,,,,,,4.3,95.5
IN-NE,North Eastern India,IN,Asia,TIER_A,2348.8,331.53,0.0,0.0,1664.95,750.0,,,,,,35.6,64.4
IN-NO,Northern India,IN,Asia,TIER_A,21469.8,40245.36,5193.4,1620.0,5994.96,44285.0,,,,,,27.4,69.4
IN-SO,Southern India,IN,Asia,TIER_A,13675.65,32702.85,20312.4,3320.0,6491.8,41357.5,,,,,,27.1,66.3
IN-WE,Western India,IN,Asia,TIER_A,8065.7,41245.91,19226.1,2540.0,10806.49,84386.0,,,,,,5.9,90.7
IQ,Iraq,IQ,Asia,TIER_C,1560.0,40.0,,,34030.0,,,,,,,,
IR,Iran,IR,Asia,TIER_C,11780.0,780.0,380.0,1020.0,74960.0,,,,,,,,
IS,Iceland,IS,Europe,TIER_A,2150.0,10.0,0.0,,,,820.0,490.0,,,,70.2,0.0
IT-CNO,Central North Italy,IT,Europe,TIER_A,800,2980,165,,3047.3,,1075.41,517.71,12.62,26.65,5.13,36.7,34.4
IT-CSO,Central South Italy,IT,Europe,TIER_A,3260,6660,2530,0,4500,1865,1075.41,517.71,12.62,26.46666667,5.13,44.5,44.0
IT-NO,North Italy,IT,Europe,TIER_A,17100,17660,250,,27268,1000,1075.41,517.71,12.62,27.3,5.13,43.7,32.2
IT-SAR,Sardinia,IT,Europe,TIER_A,450,1750,1200,,750,1000,1075.41,517.71,12.62,25.6,5.13,30.2,61.0
IT-SIC,Sicily,IT,Europe,TIER_A,470,2700,2500,,2500,,1075.41,517.71,12.62,25.875,5.13,45.0,50.3
IT-SO,South Italy,IT,Europe,TIER_A,1100,5300,6400,,8551.7,1815,1075.41,517.71,12.62,25.7,5.13,42.6,47.3
JM,Jamaica,JM,Americas,TIER_C,30.0,110.0,100.0,,460.0,,,,,,,,
JO,Jordan,JO,Asia,TIER_C,0.0,1970.0,630.0,,4000.0,,,,,,,,
KE,Kenya,KE,Africa,TIER_C,860.0,370.0,440.0,,,,,,,,,,
KG,Kyrgyzstan,KG,Asia,TIER_C,3260.0,0.0,,,,810.0,,,,,,,
KH,Cambodia,KH,Asia,TIER_C,1340.0,880.0,0.0,,,1460.0,,,,,,,
KM,Comoros,KM,Africa,TIER_C,0.0,0.0,,,,,,,,,,,
KP,North Korea,KP,Asia,TIER_C,4890.0,120.0,0.0,0.0,,3380.0,,,,,,,
KR,South Korea,KR,Asia,TIER_A,1800.0,26650.0,2300.0,26050.0,49840.0,41200.0,,,,,,3.3,58.1
KW,Kuwait,KW,Asia,TIER_C,,100.0,10.0,,11720.0,,,,,,,,
KY,Cayman Islands,KY,Americas,TIER_C,,10.0,0.0,,,,,,,,,,
LB,Lebanon,LB,Asia,TIER_C,280.0,1000.0,0.0,,740.0,,,,,,,,
LC,Saint Lucia,LC,Americas,TIER_C,,0.0,,,,,,,,,,,
LK,Sri Lanka,LK,Asia,TIER_A,1850.0,1450.0,270.0,,300.0,900.0,,,,,,48.2,51.0
LR,Liberia,LR,Africa,TIER_C,90.0,0.0,,,,,,,,,,,
LS,Lesotho,LS,Africa,TIER_C,70.0,0.0,,,0.0,,,,,,,,
LT,Lithuania,LT,Europe,TIER_A,130.0,3040,2507.0,,1597.0,,1064.93,490.92,12.62,36.7,5.13,62.1,17.0
LU,Luxembourg,LU,Europe,TIER_A,34.0,770.0,230.0,0.0,59.0,0.0,1135.5,510.45,12.62,,5.13,51.4,23.8
LV,Latvia,LV,Europe,TIER_A,1588.0,1135.0,138.0,,1153.0,,1064.93,469.46,12.62,36.9,5.13,57.8,24.5
LY,Libya,LY,Africa,TIER_C,,10.0,,,11040.0,,,,,,,,
MA,Morocco,MA,Africa,TIER_C,1310.0,930.0,2130.0,,870.0,4090.0,,,,,,20.2,75.4
MD,Moldova,MD,Europe,TIER_A,60.0,340.0,120.0,,1380.0,1400.0,,,,30.25,,14.3,76.2
ME,Montenegro,ME,Europe,TIER_A,649.0,,118.0,,,210.0,,,,,5.13,44.3,51.9
MK,North Macedonia,MK,Europe,TIER_A,644.0,67.0,37.0,,251.0,824.0,,,,,5.13,28.9,66.0
ML,Mali,ML,Africa,TIER_C,460.0,100.0,,,,,,,,,,,
MM,Myanmar,MM,Asia,TIER_C,3270.0,220.0,0.0,,3040.0,190.0,,,,,,,
MN,Mongolia,MN,Asia,TIER_C,30.0,140.0,160.0,,,1150.0,,,,,,,
MO,Macao,MO,Asia,TIER_C,,,,,140.0,,,,,,,,
MQ,Martinique,MQ,Americas,TIER_A,0,84.0,14.0,,0,,,,,,,0.3,86.1
MR,Mauritania,MR,Africa,TIER_C,,90.0,30.0,,180.0,,,,,,,,
MT,Malta,MT,Europe,TIER_C,,230.0,0.0,,360.0,,1064.93,510.45,12.62,,5.13,,
MU,Mauritius,MU,Africa,TIER_C,60.0,130.0,10.0,,,190.0,,,,,,9.5,80.8
MV,Maldives,MV,Asia,TIER_C,,50.0,0.0,,50.0,,,,,,,,
MW,Malawi,MW,Africa,TIER_C,390.0,110.0,,,,,,,,,,,
MX,Mexico,MX,Americas,TIER_A,12840.0,11990.0,7320.0,1610.0,45050.0,5380.0,,,,,,,
MY,Malaysia,MY,Asia,,6214.86,1933.25,,,16121.95,13170.0,,,,,,19.1,79.5
MZ,Mozambique,MZ,Africa,TIER_C,2190.0,100.0,,,660.0,,,,,,,82.9,16.4
NC,New Caledonia,NC,Oceania,TIER_C,80.0,210.0,60.0,,,370.0,,,,,,,
NE,Niger,NE,Africa,TIER_C,,80.0,,,20.0,30.0,,,,,,,
NG,Nigeria,NG,Africa,TIER_A,2860.0,140.0,,,11910.0,280.0,,,,,,24.8,75.2
NI,Nicaragua,NI,Americas,TIER_A,160.0,20.0,190.0,,,,,,,,,29.6,41.0
NL,Netherlands,NL,Europe,TIER_A,38.0,29282.0,11917.0,486.0,18412.0,4012.0,812.41,478.31,12.62,36.5,5.13,49.3,40.4
NO-NO1,Eastern Norway,NO,Europe,TIER_A,3999.2,41.2,405.7,,6.6,,,490.0,,,,93.4,0.4
NO-NO2,Southern Norway,NO,Europe,TIER_A,11423.5,,1452.3000000000002,,33.9,,,490.0,,,,96.8,1.5
NO-NO3,Central Norway,NO,Europe,TIER_A,4949.7,1.6,2121.1,,180.0,,,490.0,,,,98.2,0.8
NO-NO4,Northern Norway,NO,Europe,TIER_A,5603.8,,1159.9,,298.4,,,490.0,,,,92.8,5.9
NO-NO5,Western Norway,NO,Europe,TIER_A,8053.099999999999,,0.0,,192.2,,,490.0,,,,99.2,0.3
NZ,New Zealand,NZ,Oceania,TIER_A,5680.0,570.0,1260.0,,1420.0,750.0,,,,,,64.9,12.5
OM,Oman,OM,Asia,TIER_C,,1224,49,,9044,,,,,,,5.8,93.7
PA,Panama,PA,Americas,TIER_A,1850.0,650.0,340.0,,380.0,310.0,,,,,,72.8,26.9
PE,Peru,PE,Americas,TIER_A,5520.0,530.0,1150.0,,6700.0,140.0,,,,,,64.8,34.5
PF,French Polynesia,PF,Oceania,TIER_A,50.0,50.0,0.0,,,,,,,,,45.4,54.6
PG,Papua New Guinea,PG,Oceania,TIER_C,320.0,0.0,,,260.0,,,,,,,,
PK,Pakistan,PK,Asia,TIER_C,11530.0,1400.0,1850.0,3620.0,17390.0,8450.0,,,,,,,
PL,Poland,PL,Europe,TIER_A,790.65,20734.092,10699.706,,5929.906,25493.593,905.92,510.45,12.62,34.84,5.13,29.4,65.4
PM,Saint Pierre and Miquelon,PM,Americas,TIER_C,,,0.0,,,,,,,,,,
PR,Puerto Rico,PR,Americas,TIER_C,100.0,960.0,130.0,,1450.0,,1086.7228249260704,664.6086048281159,,,,,
PS,State of Palestine,PS,Asia,TIER_C,,190.0,,,0.0,,,,,,,,
PT,Portugal,PT,Europe,TIER_A,4644.5,3237.4,5425.8,0.0,4394.8,0.0,1118.213761,502.06,12.62,25.6,5.13,75.7,12.5
PW,Palau,PW,Oceania,TIER_C,,19.62,,,,,,,,,,,
PY,Paraguay,PY,Americas,TIER_C,8820.0,0.0,0.0,,,,,,,,,,
QA,Qatar,QA,Asia,TIER_C,,1680.0,,,12580.0,,,,,,,4.7,95.1
RE,Réunion,RE,Africa,TIER_A,138.0,210.0,15.0,,121.0,0.0,,,,,,21.4,59.2
RO,Romania,RO,Europe,TIER_A,6184.0,2788.0,3068.0,1300.0,2275.0,1647.0,1045.64,735.54,12.62,29.78,5.13,41.2,34.1
RS,Serbia,RS,Europe,TIER_A,2542.4379999999996,185.35,1106.22,,611.205,6010.5,,,,29.7,5.13,33.7,62.0
RW,Rwanda,RW,Africa,TIER_C,120.0,30.0,,,30.0,50.0,,,,,,,
SB,Solomon Islands,SB,Oceania,TIER_C,0.0,10.0,,,,,,,,,,,
SC,Seychelles,SC,Africa,TIER_C,,20.0,10.0,,,,,,,,,,
SD,Sudan,SD,Africa,TIER_C,1480.0,190.0,,,810.0,,,,,,,,
SE-SE1,North Sweden,SE,Europe,TIER_A,5198,41,3290.87,0,1,0,1064.93,510.45,12.62,45.0,5.13,97.6,0.2
SE-SE2,North Central Sweden,SE,Europe,TIER_A,8101,241,7765.05,0,2,0,1064.93,510.45,12.62,45.0,5.13,98.1,0.1
SE-SE3,South Central Sweden,SE,Europe,TIER_A,2627,2273,4493.88,6900.0,950,,1064.93,510.45,12.62,37.66666667,5.13,56.1,0.2
SE-SE4,South Sweden,SE,Europe,TIER_A,347,2254,2576.72,0,582,0,1064.93,510.45,12.62,35.6,5.13,64.3,1.5
SG,Singapore,SG,Asia,TIER_A,,1160.0,,,10880.0,210.0,,,,,,2.2,95.8
SI,Slovenia,SI,Europe,TIER_A,1113.35,1576.92,4.03,700.0,765.0,894.0,1064.93,510.45,12.62,30.83333333,5.13,47.4,23.0
SK,Slovakia,SK,Europe,TIER_A,1630.0,532.0,3.0,2471.0,1183.0,277.0,832.24,482.01,12.62,33.0,5.13,20.6,21.5
SL,Sierra Leone,SL,Africa,TIER_C,60.0,20.0,,,,,,,,,,,
SN,Senegal,SN,Africa,TIER_C,,230.0,160.0,,280.0,160.0,,,,,,,
SO,Somalia,SO,Africa,TIER_C,,50.0,0.0,,,,,,,,,,
SR,Suriname,SR,Americas,TIER_C,180.0,10.0,,,,,,,,,,,
SS,South Sudan,SS,Africa,TIER_C,,20.0,,,,,,,,,,,
ST,São Tomé and Príncipe,ST,Africa,TIER_C,0.0,0.0,,,,,,,,,,,
SV,El Salvador,SV,Americas,TIER_A,640.0,650.0,50.0,,380.0,,,,,,,24.7,7.8
SY,Syria,SY,Asia,TIER_C,1490.0,60.0,0.0,,7470.0,60.0,,,,,,,
SZ,Eswatini,SZ,Africa,TIER_C,60.0,10.0,,,,,,,,,,64.6,2.7
TD,Chad,TD,Africa,TIER_C,,0.0,0.0,,120.0,,,,,,,,
TH,Thailand,TH,Asia,TIER_C,3130.0,3380.0,1540.0,,38060.0,6140.0,,,,,,0.0,0.0
TJ,Tajikistan,TJ,Asia,TIER_C,5740.0,0.0,,,210.0,400.0,,,,,,,
TL,Timor-Leste,TL,Asia,TIER_C,0.0,0.0,,,,,,,,,,,
TM,Turkmenistan,TM,Asia,TIER_C,0.0,,,,7090.0,,,,,,,,
TN,Tunisia,TN,Africa,TIER_C,70.0,770.0,250.0,,5770.0,,,,,,,3.1,95.9
TO,Tonga,TO,Oceania,TIER_C,,20.0,0.0,,,,,,,,,,
TR,Turkey,TR,Asia,TIER_A,32390.0,19880.0,12970.0,,26940.0,21020.0,,,,26.15,,36.1,57.9
TT,Trinidad and Tobago,TT,Americas,TIER_C,,0.0,0.0,,2060.0,,,,,,,,
TW,Taiwan,TW,Asia,TIER_A,2120.0,14280.0,3890.0,0,18810.0,19120.0,,,,,,12.1,80.0
TZ,Tanzania,TZ,Africa,TIER_C,680.0,20.0,0.0,,1150.0,,,,,,,29.6,69.6
UG,Uganda,UG,Africa,TIER_C,1030.0,80.0,,,,,,,,,,88.7,2.6
US,United States,US,Americas,,84170.0,177470.0,153150.0,96890.0,542200.0,194130.0,1049.615358,526.0342962,,26.22100877,,,
US-CAL-BANC,Balancing Authority of Northern California,US,Americas,TIER_A,2557.2,389.6,0.0,0.0,2549.9,0.0,1081.1805847188884,521.9641084072009,,25.6,,48.7,47.8
US-CAL-CISO,CAISO,US,Americas,TIER_A,6362.5,24914.2,6343.6,2323.0,31884.7,55.0,577.8604330816302,516.3628485714517,,25.6,,43.5,36.2
US-CAL-IID,Imperial Irrigation District,US,Americas,TIER_A,83.9,585.2,0.0,0.0,605.5,0.0,1081.1805847188884,595.0297218397341,,25.6,,24.4,24.3
US-CAL-LDWP,Los Angeles Department of Water and Power,US,Americas,TIER_A,287.6,1517.2,440.5,0.0,5544.9,0.0,1052.1244778240007,523.5204537908114,,25.6,,38.5,49.0
US-CAL-TIDC,Turlock Irrigation District,US,Americas,TIER_A,186.8,0.0,0.0,0.0,620.7,0.0,1081.1805847188884,583.8182053825988,,,,32.2,64.8
US-CAR-CPLE,Duke Energy Progress East,US,Americas,TIER_A,223.2,2930.3,0.0,3722.7,6411.8,3321.4,1104.133961609779,511.93702628361535,,25.6,,9.0,35.1
US-CAR-CPLW,Duke Energy Progress West,US,Americas,TIER_A,0.0,28.4,0.0,0.0,0.0,0.0,1081.1805847188884,531.265403056972,,26.76666667,,7.3,60.8
US-CAR-DUK,Duke Energy Carolinas,US,Americas,TIER_A,1148.5,2508.6,0.0,7517.5,13605.8,2590.0,806.9759392468122,622.9548744078696,,26.53333333,,6.6,43.0
US-CAR-SC,South Carolina Public Service Authority,US,Americas,TIER_A,231.2,303.3,0.0,0.0,1272.0,3727.3,1088.8970523880782,591.2653214613073,,25.6,,6.8,73.8
US-CAR-SCEG,South Carolina Electric & Gas Company,US,Americas,TIER_A,242.1,1044.1,0.0,1029.6,3583.5,1431.5,1038.9970212509143,556.0425147557432,,25.6,,10.3,68.0
US-CAR-YAD,"Alcoa Power Generating, Inc. Yadkin Division",US,Americas,TIER_A,215.2,0.0,0.0,0.0,0.0,0.0,1081.1805847188884,531.265403056972,,,,90.9,3.6
US-CENT-SPA,Southwestern Power Administration,US,Americas,TIER_A,1364.6,119.5,646.5,0.0,32.8,261.0,1138.5537883747247,531.265403056972,,,,85.5,13.3
US-CENT-SWPP,Southwest Power Pool,US,Americas,TIER_A,3063.0,1441.8,35463.4,2097.3,36770.9,20279.3,1093.3040921750498,611.0021011320487,,25.66,,41.2,53.3
US-FLA-FMPP,Florida Municipal Power Pool,US,Americas,TIER_A,0.0,166.9,0.0,0.0,2597.3,929.0,804.4422069628371,516.9286741865128,,25.6,,3.7,87.8
US-FLA-FPC,Duke Energy Florida,US,Americas,TIER_A,0.0,2311.1,0.0,0.0,11156.9,1478.4,1081.1805847188884,577.8367247974661,,25.6,,6.4,89.4
US-FLA-FPL,Florida Power and Light Company,US,Americas,TIER_A,43.5,8682.3,0.0,3914.4,28215.1,0.0,1081.1805847188884,487.9628636512186,,25.6,,8.4,71.9
US-FLA-GVL,Gainesville Regional Utilities,US,Americas,TIER_A,0.0,4.8,0.0,0.0,478.8,0.0,1081.1805847188884,772.0530377690332,,25.6,,1.3,84.7
US-FLA-HST,City of Homestead,US,Americas,TIER_A,0.0,0.0,0.0,0.0,33.6,0.0,1081.1805847188884,531.265403056972,,,,8.0,72.2
US-FLA-JEA,Jacksonville Electric Authority,US,Americas,TIER_A,0.0,38.1,0.0,0.0,2179.5,595.0,1081.1805847188884,696.2779583001487,,25.6,,3.1,90.8
US-FLA-SEC,Seminole Electric Cooperative,US,Americas,TIER_A,0.0,74.5,0.0,0.0,2036.5,714.6,656.0092651928338,518.6011426902413,,25.6,,0.2,99.6
US-FLA-TAL,City of Tallahassee,US,Americas,TIER_A,0.0,62.0,0.0,0.0,961.8,0.0,1081.1805847188884,517.6026712385784,,,,3.7,91.6
US-FLA-TEC,Tampa Electric Company,US,Americas,TIER_A,0.0,1430.9,0.0,0.0,6746.6,0.0,1081.1805847188884,544.9757970059186,,25.6,,8.0,87.3
US-MIDA-PJM,PJM Interconnection,US,Americas,TIER_A,3290.7,17916.6,11711.3,34466.6,103814.0,38745.6,1073.0108447809346,515.9108738415878,,26.82,,7.6,59.0
US-MIDW-AECI,Associated Electric Cooperative,US,Americas,TIER_A,30.0,1.5,959.4,0.0,3044.6,2481.7,1028.7795683618424,518.6815069287052,,25.66,,19.9,79.3
US-MIDW-LGEE,Louisville Gas and Electric Company and Kentucky Utilities,US,Americas,TIER_A,137.8,118.1,0.0,0.0,3353.6,5451.7,1032.8814209119846,497.4280726544936,,,,3.3,92.8
US-MIDW-MISO,Midcontinent ISO,US,Americas,TIER_A,2447.2,21090.1,33477.7,12269.0,82565.6,46964.8,1071.0567303043376,528.8041544467952,,26.45,,19.7,64.6
US-NE-ISNE,ISO New England,US,Americas,TIER_A,1893.7,3585.8,1723.0,3501.9,16326.0,113.6,1112.0466873316557,507.8248564110828,,27.825,,17.1,54.0
US-NW-AVA,Avista Corporation,US,Americas,TIER_A,1168.4,19.2,349.3,0.0,561.5,0.0,1081.1805847188884,558.0150700628442,,,,,
US-NW-BPAT,Bonneville Power Administration,US,Americas,TIER_A,18453.7,223.7,3817.1,1200.0,2167.0,729.9,1155.145710250945,506.5988427038903,,32.8,,,
US-NW-CHPD,Chelan County,US,Americas,TIER_A,1622.2,0.0,0.0,0.0,0.0,0.0,1081.1805847188884,531.265403056972,,,,99.3,0.4
US-NW-DOPD,Douglas County,US,Americas,TIER_A,789.4,300.0,0.0,0.0,0.0,0.0,1081.1805847188884,531.265403056972,,,,97.6,1.4
US-NW-GCPD,Grant County,US,Americas,TIER_A,1220.0,0.0,0.0,0.0,0.0,0.0,1081.1805847188884,531.265403056972,,,,,
US-NW-GRID,Gridforce Energy Management,US,Americas,TIER_A,0.0,0.0,0.0,0.0,689.4,0.0,1081.1805847188884,519.2745381859123,,,,13.9,86.1
US-NW-IPCO,Idaho Power Company,US,Americas,TIER_A,1961.5,780.9,714.7,0.0,735.7,0.0,1081.1805847188884,580.8753585507786,,25.6,,59.7,37.3
US-NW-NEVP,Nevada Power Company,US,Americas,TIER_A,16.9,4375.7,150.0,0.0,8339.0,531.8,1184.243615415859,523.462538805805,,25.6,,,
US-NW-NWMT,Northwestern Energy,US,Americas,TIER_A,699.1,181.0,1011.6,0.0,465.0,1810.7,1101.256839238835,701.6705529835303,,,,46.6,53.1
US-NW-PACE,Pacificorp East,US,Americas,TIER_A,269.5,2522.9,4571.6,0.0,4629.0,5824.3,1156.453245499706,531.8612718735853,,27.475,,,
US-NW-PACW,Pacificorp West,US,Americas,TIER_A,893.8,495.5,489.9,0.0,626.0,0.0,1081.1805847188884,521.3892752314418,,26.575,,,
US-NW-PGE,Portland General Electric Company,US,Americas,TIER_A,643.2,197.9,716.5,0.0,2115.3,0.0,1081.1805847188884,600.5810554306031,,30.16666667,,,
US-NW-PSCO,Public Service Company of Colorado,US,Americas,TIER_A,53.4,2796.4,4662.6,0.0,7335.7,759.0,1147.1965526428457,570.8473036723731,,25.6,,,
US-NW-PSEI,Puget Sound Energy,US,Americas,TIER_A,340.5,15.5,868.4,0.0,1696.0,0.0,1081.1805847188884,515.5765966442766,,,,64.4,27.1
US-NW-SCL,Seattle City Light,US,Americas,TIER_A,2046.2,0.0,0.0,0.0,0.0,0.0,1081.1805847188884,531.265403056972,,,,,
US-NW-TPWR,City of Tacoma,US,Americas,TIER_A,724.8,0.0,0.0,0.0,0.0,0.0,1081.1805847188884,531.265403056972,,,,,
US-NW-WACM,Western Area Power Administration - Rocky Mountain Region,US,Americas,TIER_A,704.1,766.5,1857.3,0.0,1691.8,5625.1,1167.2657286711817,575.8799832588925,,25.6,,37.0,62.5
US-NW-WAUW,Western Area Power Administration - Upper Great Plains West,US,Americas,TIER_A,955.4,80.0,71.4,0.0,0.0,0.0,1081.1805847188884,531.265403056972,,,,,
US-NY-NYIS,New York ISO,US,Americas,TIER_A,4096.1,2898.4,2869.0,3398.4,25681.1,0.0,1081.1805847188884,541.9053471530717,,27.6,,,
US-SE-SEPA,Southeastern Power Administration,US,Americas,TIER_A,996.9,415.0,0.0,0.0,0.0,0.0,1081.1805847188884,531.265403056972,,,,,
US-SE-SOCO,Southern Company Services,US,Americas,TIER_A,3317.6,5904.9,0.0,8282.4,36233.7,12234.7,1099.9273282774575,544.3548520940992,,25.6,,,
US-SW-AZPS,Arizona Public Service Company,US,Americas,TIER_A,0.0,2489.3,628.5,0.0,2602.5,1636.2,1063.8223333180867,455.1262756050809,,25.6,,,
US-SW-EPE,El Paso Electric Company,US,Americas,TIER_A,0.0,579.3,50.4,0.0,2093.7,0.0,1081.1805847188884,646.8511593887226,,25.6,,,
US-SW-PNM,Public Service Company of New Mexico,US,Americas,TIER_A,0.0,2204.8,2569.0,0.0,1733.8,0.0,1081.1805847188884,564.9483249442233,,25.6,,,
US-SW-SRP,Salt River Project,US,Americas,TIER_A,91.1,1674.9,226.0,4209.6,9719.2,821.8,1247.512537600055,534.8222825456003,,25.6,,,
US-SW-TEPC,Tucson Electric Power Company,US,Americas,TIER_A,0.0,492.2,379.8,0.0,1530.2,1765.8,1103.24530714986,483.84094767168796,,25.6,,,
US-SW-WALC,Western Area Power Administration - Desert Southwest Region,US,Americas,TIER_A,3770.0,579.2,350.0,0.0,1689.8,204.0,741.6270222428261,528.2341987605173,,,,,
US-TEN-TVA,Tennessee Valley Authority,US,Americas,TIER_A,4887.8,2016.4,1.8,8834.8,18156.6,7643.9,1216.4235068348414,508.2369872584053,,26.06666667,,,
US-TEX-ERCO,Electric Reliability Council of Texas,US,Americas,TIER_A,549.1,30341.7,39984.8,5138.6,67319.8,13321.7,1122.9695874892159,512.3322057315127,,25.6,,,
UY,Uruguay,UY,Americas,TIER_A,1540.0,330.0,1520.0,,1110.0,,,,,,,86.2,0.9
UZ,Uzbekistan,UZ,Asia,TIER_C,2441,3930,1652,,13874,,,,,,,,
VC,Saint Vincent and the Grenadines,VC,Americas,TIER_C,10.0,0.0,,,,,,,,,,,
VE,Venezuela,VE,Americas,TIER_C,16910.0,0.0,50.0,,12590.0,,,,,,,,
VI,Virgin Islands,VI,Americas,TIER_C,,10.0,0.0,,,,,,,,,,
VU,Vanuatu,VU,Oceania,TIER_C,0.0,10.0,0.0,,,,,,,,,,
WS,Samoa,WS,Oceania,TIER_C,20.0,20.0,0.0,,,,,,,,,,
XK,Kosovo,XK,Europe,TIER_A,68.0,,136.0,,,1288.0,,,,,,12.3,85.3
YE,Yemen,YE,Asia,TIER_C,,290.0,,,790.0,,,,,,,,
YT,Mayotte,YT,Africa,TIER_C,,31.23,,,,,,,,,,,
ZA,South Africa,ZA,Africa,TIER_A,750.0,6670.0,3440.0,1930.0,1290.0,46690.0,,,,,,11.3,84.8
ZW,Zimbabwe,ZW,Africa,TIER_C,1080.0,50.0,,,,1330.0,,,,,,,
